<?xml version="1.0" encoding="utf-8"?>
<extension type="component" method="upgrade" version="3.9">
	<name>com_phocapdf</name>
	<author>Jan Pavelka (www.phoca.cz)</author>
	<creationDate>16/08/2021</creationDate>
	<authorEmail></authorEmail>
	<authorUrl>https://www.phoca.cz</authorUrl>
	<copyright>Jan Pavelka</copyright>
	<license>GNU/GPL</license>
	<version>3.0.12</version>
	<description>COM_PHOCAPDF_XML_DESCRIPTION</description>
	<scriptfile>script.php</scriptfile>
	<projectName>PhocaPDF</projectName>

	<install>
		<sql>
			<file driver="mysql" charset="utf8">install/sql/mysql/install.utf8.sql</file>
		</sql>
	</install>

	<uninstall>
		<sql>
			<file driver="mysql" charset="utf8">install/sql/mysql/uninstall.utf8.sql</file>
		</sql>
	</uninstall>

	<update>
		<schemas>
			<schemapath type="mysql">update/sql/mysql</schemapath>
		</schemas>
	</update>

	<files folder="site">
		<folder>views</folder>
		<filename>controller.php</filename>
		<filename>index.html</filename>
		<filename>metadata.xml</filename>
		<filename>phocapdf.php</filename>
	</files>

	<media destination="com_phocapdf" folder="media">
		<folder>css</folder>
		<folder>images</folder>
		<filename>index.html</filename>
	</media>

	<languages folder="admin/language">
		<language tag="en-GB" client="site">en-GB/en-GB.com_phocapdf.ini</language>
		<language tag="en-GB" client="site">en-GB/en-GB.com_phocapdf.sys.ini</language>
	</languages>

	<administration>

		<menu img="media/com_phocapdf/images/administrator/icon-16-ppdf-menu.png" alt="COM_PHOCAPDF" link="option=com_phocapdf">COM_PHOCAPDF</menu>

			<submenu>
				<menu img="media/com_phocapdf/images/administrator/icon-16-ppdf-cp.png" alt="COM_PHOCAPDF_CONTROLPANEL" view="phocapdfcp" link="option=com_phocapdf">COM_PHOCAPDF_CONTROLPANEL</menu>
				<menu img="media/com_phocapdf/images/administrator/icon-16-ppdf-pdf.png" alt="COM_PHOCAPDF_PLUGINS" view="phocapdfplugins" link="option=com_phocapdf&amp;view=phocapdfplugins">COM_PHOCAPDF_PLUGINS</menu>
				<menu img="media/com_phocapdf/images/administrator/icon-16-ppdf-font.png" alt="COM_PHOCAPDF_FONTS" view="phocapdffonts" link="option=com_phocapdf&amp;view=phocapdffonts">COM_PHOCAPDF_FONTS</menu>
				<menu img="media/com_phocapdf/images/administrator/icon-16-ppdf-info.png" alt="COM_PHOCAPDF_INFO" view="phocapdfinfo" link="option=com_phocapdf&amp;view=phocapdfinfo">COM_PHOCAPDF_INFO</menu>
			</submenu>

		<files folder="admin">
			<folder>assets</folder>
			<folder>controllers</folder>
			<folder>files</folder>
			<folder>fonts</folder>
			<folder>help</folder>
			<folder>helpers</folder>
			<folder>install</folder>
			<folder>models</folder>
			<folder>update</folder>
			<folder>views</folder>
			<filename>access.xml</filename>
			<filename>config.xml</filename>
			<filename>controller.php</filename>
			<filename>index.html</filename>
			<filename>phocapdf.php</filename>
		</files>

		<languages folder="admin/language">
			<language tag="en-GB">en-GB/en-GB.com_phocapdf.ini</language>
			<language tag="en-GB">en-GB/en-GB.com_phocapdf.sys.ini</language>
		</languages>
	</administration>
	
	

	<updateservers>
		<server type="extension" name="COM_PHOCAPDF" priority="1"><![CDATA[https://raw.githubusercontent.com/PhocaCz/PhocaPDF/master/manifest.xml]]></server>
	</updateservers>
</extension>
