<updates>
	<update>
		<name><![CDATA[ Phoca PDF ]]></name>
		<description><![CDATA[ Phoca PDF is Joomla! CMS component. It helps to set and create PDF documents in Joomla!. The whole Phoca PDF framework contains: 
- Phoca PDF component 
- Phoca PDF fonts 
- Phoca PDF plugins. ]]></description>
		<element>com_phocapdf</element>
		<type>component</type>
		<version>3.0.12</version>
		<infourl title="Phoca PDF 3.0.12">http://www.phoca.cz/version/index.php?phocapdf=3.0.12</infourl>
		<downloads>
			<downloadurl type="full" format="zip">https://github.com/PhocaCz/PhocaPDF/releases/download/3.0.12/com_phocapdf_v3.0.12.zip</downloadurl>
		</downloads>
		<tags>
			<tag>stable</tag>
		</tags>
		<maintainer><![CDATA[ Phoca.cz ]]></maintainer>
		<maintainerurl>https://www.phoca.cz/</maintainerurl>
		<section>Updates</section>
		<targetplatform name="joomla" version="3.([89]|10)"/>
		<client>administrator</client>
	</update>
	<update>
		<name><![CDATA[ Phoca PDF ]]></name>
		<description><![CDATA[ Phoca PDF is Joomla! CMS component. It helps to set and create PDF documents in Joomla!. The whole Phoca PDF framework contains: 
- Phoca PDF component 
- Phoca PDF fonts 
- Phoca PDF plugins. ]]></description>
		<element>com_phocapdf</element>
		<type>component</type>
		<version>4.0.1</version>
		<infourl title="Phoca PDF 4.0.1">http://www.phoca.cz/version/index.php?phocapdf=4.0.1</infourl>
		<downloads>
			<downloadurl type="full" format="zip">https://github.com/PhocaCz/PhocaPDF/releases/download/4.0.1/com_phocapdf_v4.0.1.zip</downloadurl>
		</downloads>
		<tags>
			<tag>stable</tag>
		</tags>
		<maintainer><![CDATA[ Phoca.cz ]]></maintainer>
		<maintainerurl>https://www.phoca.cz/</maintainerurl>
		<section>Updates</section>
		<targetplatform name="joomla" version="4.[012]"/>
		<client>administrator</client>
	</update>
</updates>
